Reference Airport Code,Traffic Level,Country,United,American,Taca,Delta,Alaska,Korean (on Korean),Korean (on Skyteam),ANA,Singapore,Virgin Atlantic (on DL),Air France,Lufthansa/Miles&More,Alitalia,Aeromexico,Air Canada,,,
,Alliance Hub,United States,"Mainland US, Alaska & Canada",Contiguous 48 States,North America,"Continental US, Alaska, Canada",Continental US & Canada,North America,North America,North America,North America,,"North America, Aruba, Bonaire, Curacao, Suriname",US Domestic,North America,US Continental,Canada & Continental US,,"JFK,",14
,Alliance Hub,United Kingdom,Europe,Europe,Europe,Europe,Europe,,Europe,Europe,Europe,UK/Europe,Europe 1,Europe,Europe 2 & North Africa 2,Europe,Europe 1,,"LON,",14
,Alliance Hub,Australia,Australia / New Zealand,South Pacific,Others,Southwest Pacific,Australia / New Zealand,Oceania,Oceania,"Oceania, Micronesia","Zone 9 - Australia (excl Perth, Darwin - New Zealand)",South West Pacific,Pacific 2,Australia/New Zealand/Oceania,Australia & Pacific,"Australia, NZ and South Pacific","Australia, New Zealand & South Pacific",,"SYD,",15
,Alliance Hub,United Arab Emirates,Middle East,Middle East / Indian Subcontinent,Middle East/North Africa,Middle East,Middle East,,Middle East,"Africa, Middle East","Zone 10 - Africa, Middle East, Turkey","Africa, Middle East & Asia","Middle East, Central Asia, Central Russia",Middle East/Caucasus/North/Central Africa,Middle East,Middle East,Middle East & North Africa,,"DXB,",14
,Alliance Hub,Switzerland,Europe,Europe,Europe,Europe,Europe,,Europe,Europe,Europe,UK/Europe,Europe 1,Europe,Europe 1 & North Africa 1,Europe,Europe 1,,"ZRH,",14
,Alliance Hub,Spain,Europe,Europe,Europe,Europe,Europe,,Europe,Europe,Europe,UK/Europe,Europe 2,Europe,Europe 2 & North Africa 2,Europe,Europe 1,,"MAD,",14
,Alliance Hub,South Korea,North Asia,Asia Region 1,North Asia,Northern Asia,Korea,Korea,Asia 1,South Korea,Zone 7 - Japan & South Korea,"Africa, Middle East & Asia",Asia 1 (Eastern Russia),Far East,Northern Asia,North Asia,Asia 1,,"ICN,",15
,Alliance Hub,South Africa,Central/Southern Africa,Africa,South Africa,South Africa,South Africa,,"Middle East, Africa","Africa, Middle East","Zone 10 - Africa, Middle East, Turkey","Africa, Middle East & Asia",Africa 2 (Southern + Indian Ocean),Southern Africa,Central & Southern Africa,Africa,"East, West and South Africa",,"JNB,",14
,Alliance Hub,Saudi Arabia,Middle East,Middle East / Indian Subcontinent,Middle East/North Africa,Middle East,Middle East,,Middle East,"Africa, Middle East","Middle East, North Africa",,"Middle East, Central Asia, Central Russia",Middle East/Caucasus/North/Central Africa,Middle East,Middle East,Middle East & North Africa,,"RUH,",13
,Alliance Hub,Russia,Europe,Europe,Europe,Europe,Europe,,Europe,Europe,Europe,UK/Europe,Europe 3 + North Africa,Europe,Europe 3 & Near East,Europe,Europe 2,,"SVO,",14
,Alliance Hub,Portugal,Europe,Europe,Europe,Europe,Europe,,Europe,Europe,Europe,UK/Europe,Europe 2,Europe,Europe 2 & North Africa 2,Europe,Europe 1,,"LIS,",14
,Alliance Hub,Vietnam,South Asia,Asia Region 2,South Asia,Southeast Asia,Rest of Asia,Southeast Asia,Asia 2,Asia 2,"Zone 3 - Philippines, Thailand, Vietnam, Myanmar & Cambodia",,Asia 2,South East Asia,Southeast Asia,Southeast Asia,Asia 1,,"HAN,",14
,Medium,Pakistan,Central Asia,Middle East / Indian Subcontinent,Central Asia,South Asian Subcontinent,Middle East,,Asia 3,Asia 2,"Central, South Asia",,Indian Subcontinent,India,,Southwest Asia,Indian Subcontinent,,"ISB,",12
,Alliance Hub,New Zealand,Australia / New Zealand,South Pacific,Others,Southwest Pacific,Australia / New Zealand,Oceania,Oceania,"Oceania, Micronesia","Zone 9 - Australia (excl Perth, Darwin - New Zealand)",,Pacific 2,Australia/New Zealand/Oceania,Australia & Pacific,"Australia, NZ and South Pacific","Australia, New Zealand & South Pacific",,"AKL,",14
,Alliance Hub,Mexico,Mexico,Mexico,Mexico,Mexico,Mexico,,North America,North America,"Hawaii, Central America","Caribbean, Mexico & Central America","North America, Aruba, Bonaire, Curacao, Suriname",Central America & Caribbean,"Central America, Caribbean, Hawaii, Mexico",Mexico,Mexico,,"MEX,",14
,Medium,Brazil,Southern South America,South America Region 2,Brazil,Southern South America,Deep South America,,South America,"South, Latin America",South America,South America,Latin America 2,South America,South America 2,South South America,Southern South America,,"BSB,",14
,Alliance Hub,Canada,"Mainland US, Alaska & Canada",Canada & Alaska,North America,"Continental US, Alaska, Canada",Continental US & Canada,,North America,North America,North America,,"North America, Aruba, Bonaire, Curacao, Suriname",North America,North America,Canada,Canada & Continental US,,"YYZ,",13
,Alliance Hub,China,North Asia,Asia Region 2,North Asia,Northern Asia,China,China/Northeast Asia,Asia 2,Asia 1,North Asia 2,"Africa, Middle East & Asia",Asia 1 (Eastern Russia),Far East,Southeast Asia,Southeast Asia,Asia 1,,"PEK,",15
,Medium,Germany,Europe,Europe,Europe,Europe,Europe,,Europe,Europe,Europe,,Europe 1,Europe,Europe 2 & North Africa 2,Europe,Europe 1,,"TXL,",13
,Alliance Hub,India,Central Asia,Middle East / Indian Subcontinent,Central Asia,South Asian Subcontinent,India,,Asia 3,Asia 2,"Zone 6 - South Asia (India, Sri Lanka, Maldives & Bangladesh)",,Indian Subcontinent,India,Indian Sub-Continent,Southwest Asia,Indian Subcontinent,,"DEL,",13
,Alliance Hub,Indonesia,South Asia,Asia Region 2,South Asia,Southeast Asia,Rest of Asia,Southeast Asia,Asia 2,Asia 2,"Zone 2 - Malaysia, Indonesia & Brunei",,Asia 2,South East Asia,Southeast Asia,Southeast Asia,Asia 2,,"CGK,",14
,Alliance Hub,Ireland,Europe,Europe,Europe,Europe,Europe,,Europe,Europe,Europe,UK/Europe,Europe 1,Europe,Europe 2 & North Africa 2,Europe,Europe 1,,"DUB,",14
,Alliance Hub,Japan,Japan,Asia Region 1,North Asia,Northern Asia,Japan,Japan,Asia 1,Japan,North Asia 2,"Africa, Middle East & Asia",Asia 1 (Eastern Russia),Far East,Northern Asia,North Asia,Asia 1,,"HND,",15
KBL,Very Low,Afghanistan,Central Asia,Middle East / Indian Subcontinent,Central Asia,South Asian Subcontinent,Rest of Asia,,Asia 3,Asia 2,"Central, South Asia",,,,,Southwest Asia,Indian Subcontinent,,"KBL,",10
ANC,Medium,Alaska,"Mainland US, Alaska & Canada",Canada & Alaska,North America,"Continental US, Alaska, Canada",Continental US & Canada,,North America,North America,North America,,"North America, Aruba, Bonaire, Curacao, Suriname",US Domestic,North America,,Canada & Continental US,,"ANC,",12
TIA,Very Low,Albania,Europe,Europe,Europe,Europe,Europe,,Europe,Europe,Europe,,Europe 3 + North Africa,Europe,Europe 1 & North Africa 1,Europe,Europe 2,,"TIA,",13
ALG,Very Low,Algeria,Northern Africa,Africa,Middle East/North Africa,Europe,Africa,,Europe,Europe,"Middle East, North Africa",,Europe 3 + North Africa,Middle East/Caucasus/North/Central Africa,Europe 1 & North Africa 1,North Africa,Middle East & North Africa,,"ALG,",13
PPG,Very Low,American Samoa,Oceania,South Pacific,Others,Southwest Pacific,Other,,Oceania,"Oceania, Micronesia",,,,Australia/New Zealand/Oceania,,,,,"PPG,",8
LAD,Very Low,Angola,Central/Southern Africa,Africa,South Africa,Africa,Africa,,"Middle East, Africa","Africa, Middle East","Central, South Africa",,Africa 2 (Southern + Indian Ocean),Southern Africa,Central & Southern Africa,Africa,"East, West and South Africa",,"LAD,",13
AXA,Very Low,Anguilla,Caribbean,Caribbean,Caribbean,Caribbean,Caribbean,,,"South, Latin America",,,,,,,,,"AXA,",6
ANU,Low,Antigua,Caribbean,Caribbean,,Caribbean,Caribbean,,Central America,"South, Latin America","Hawaii, Central America",,"Central America, Caribbean, Hawaii, Bermuda",Central America & Caribbean,"Central America, Caribbean, Hawaii, Mexico",,Caribbean & Central America,,"ANU,",11
EZE,Alliance Hub,Argentina - Buenos Aires - Ezeiza,Southern South America,South America Region 2,South of South America,Southern South America,Deep South America,,South America,"South, Latin America",South America,South America,Latin America 2,South America,South America 2,South South America,Southern South America,,"EZE,",14
AEP,Medium,Argentina - Jorge Newberry,Southern South America,South America Region 2,South of South America,Southern South America,Deep South America,,South America,"South, Latin America",South America,,Latin America 2,South America,South America 2,South South America,Southern South America,,"AEP,",13
MDZ,Low,Argentina - Mendoza,Southern South America,South America Region 2,South of South America,Southern South America,Deep South America,,South America,"South, Latin America",South America,,Latin America 2,South America,South America 2,South South America,Southern South America,,"MDZ,",13
EVN,Very Low,Armenia,Europe,Europe,Middle East/North Africa,Europe,Other,,Europe,Europe,"Middle East, North Africa",,"Middle East, Central Asia, Central Russia",Middle East/Caucasus/North/Central Africa,Europe 3 & Near East,Middle East,Europe 2,,"EVN,",13
AUA,Low,Aruba,Caribbean,Caribbean,Caribbean,Caribbean,Caribbean,,Central America,"South, Latin America","Hawaii, Central America","Caribbean, Mexico & Central America","North America, Aruba, Bonaire, Curacao, Suriname",Central America & Caribbean,"Central America, Caribbean, Hawaii, Mexico",Central America & Caribbean,Caribbean & Central America,,"AUA,",14
ADL,Medium,Australia - Adelaide,Australia / New Zealand,South Pacific,Others,Southwest Pacific,Australia / New Zealand,,Oceania,"Oceania, Micronesia","Zone 9 - Australia (excl Perth, Darwin - New Zealand)",,Pacific 2,Australia/New Zealand/Oceania,Australia & Pacific,"Australia, NZ and South Pacific","Australia, New Zealand & South Pacific",,"ADL,",13
BNE,Medium,Australia - Brisbane,Australia / New Zealand,South Pacific,Others,Southwest Pacific,Australia / New Zealand,Oceania,Oceania,"Oceania, Micronesia","Zone 9 - Australia (excl Perth, Darwin - New Zealand)",South West Pacific,Pacific 2,Australia/New Zealand/Oceania,Australia & Pacific,"Australia, NZ and South Pacific","Australia, New Zealand & South Pacific",,"BNE,",15
OOL,Medium,Australia - Gold Coast,Australia / New Zealand,South Pacific,Others,Southwest Pacific,Australia / New Zealand,,Oceania,"Oceania, Micronesia",South West Pacific,,Pacific 2,Australia/New Zealand/Oceania,Australia & Pacific,"Australia, NZ and South Pacific","Australia, New Zealand & South Pacific",,"OOL,",13
MEL,Alliance Hub,Australia - Melbourne,Australia / New Zealand,South Pacific,Others,Southwest Pacific,Australia / New Zealand,,Oceania,"Oceania, Micronesia","Zone 9 - Australia (excl Perth, Darwin - New Zealand)",,Pacific 2,Australia/New Zealand/Oceania,Australia & Pacific,"Australia, NZ and South Pacific","Australia, New Zealand & South Pacific",,"MEL,",13
PER,Medium,Australia - Perth,Australia / New Zealand,South Pacific,Others,Southwest Pacific,Australia / New Zealand,,Oceania,"Oceania, Micronesia",Zone 8 - Australia (Perth & Darwin),,Pacific 2,Australia/New Zealand/Oceania,Australia & Pacific,"Australia, NZ and South Pacific","Australia, New Zealand & South Pacific",,"PER,",13
SYD,Alliance Hub,Australia - Sydney,Australia / New Zealand,South Pacific,Others,Southwest Pacific,Australia / New Zealand,Oceania,Oceania,"Oceania, Micronesia","Zone 9 - Australia (excl Perth, Darwin - New Zealand)",South West Pacific,Pacific 2,Australia/New Zealand/Oceania,Australia & Pacific,"Australia, NZ and South Pacific","Australia, New Zealand & South Pacific",,"SYD,",15
VIE,Alliance Hub,Austria,Europe,Europe,Europe,Europe,Europe,,Europe,Europe,Europe,,Europe 2,Europe,Europe 1 & North Africa 1,Europe,Europe 1,,"VIE,",13
BAK,Very Low,Azerbaijan,Middle East,Europe,Middle East/North Africa,Europe,Middle East,,Europe,Europe,"Middle East, North Africa",,"Middle East, Central Asia, Central Russia",Middle East/Caucasus/North/Central Africa,Europe 3 & Near East,Middle East,Europe 2,,"BAK,",13
SMA,Low,Azores,Europe,Europe,,,Other,,,,,,,Middle East/Caucasus/North/Central Africa,,,,,"SMA,",4
NAS,Low,Bahamas,Caribbean,Caribbean,Caribbean,Caribbean,Caribbean,,Central America,"South, Latin America","Hawaii, Central America","Caribbean, Mexico & Central America",,Central America & Caribbean,"Central America, Caribbean, Hawaii, Mexico",Central America & Caribbean,Caribbean & Central America,,"NAS,",13
BAH,Low,Bahrain,Middle East,Middle East / Indian Subcontinent,Middle East/North Africa,Middle East,Middle East,,Middle East,"Africa, Middle East","Middle East, North Africa",,"Middle East, Central Asia, Central Russia",Middle East/Caucasus/North/Central Africa,Middle East,Middle East,Middle East & North Africa,,"BAH,",13
DAC,Medium,Bangladesh,South Asia,Middle East / Indian Subcontinent,South Asia,South Asian Subcontinent,Rest of Asia,,Asia 3,Asia 2,"Zone 6 - South Asia (India, Sri Lanka, Maldives & Bangladesh)",,Indian Subcontinent,India,Indian Sub-Continent,Southwest Asia,Indian Subcontinent,,"DAC,",13
BGI,Low,Barbados,Caribbean,Caribbean,Caribbean,Caribbean,Caribbean,,Central America,"South, Latin America","Hawaii, Central America","Caribbean, Mexico & Central America","Central America, Caribbean, Hawaii, Bermuda",Central America & Caribbean,"Central America, Caribbean, Hawaii, Mexico",Central America & Caribbean,Caribbean & Central America,,"BGI,",14
BBQ,Low,Barbuda,Caribbean,Caribbean,,Caribbean,Caribbean,,Central America,"South, Latin America","Hawaii, Central America",,,,"Central America, Caribbean, Hawaii, Mexico",,,,"BBQ,",8
MSQ,Very Low,Belarus,Europe,Europe,Europe,Europe,Europe,,Europe,Europe,,,Europe 3 + North Africa,Europe,Europe 3 & Near East,Europe,Europe 2,,"MSQ,",12
BRU,Alliance Hub,Belgium,Europe,Europe,Europe,Europe,Europe,,Europe,Europe,Europe,UK/Europe,Europe 1,Europe,Europe 2 & North Africa 2,Europe,Europe 1,,"BRU,",14
BZE,Low,Belize,Central America,Central America,,Central America,Central America,,Central America,"South, Latin America",,"Caribbean, Mexico & Central America","Central America, Caribbean, Hawaii, Bermuda",Central America & Caribbean,"Central America, Caribbean, Hawaii, Mexico",Central America & Caribbean,Caribbean & Central America,,"BZE,",12
COO,Very Low,Benin,Central/Southern Africa,Africa,South Africa,Africa,Africa,,"Middle East, Africa","Africa, Middle East",,,Africa 1,Middle East/Caucasus/North/Central Africa,Central & Southern Africa,North Africa,"East, West and South Africa",,"COO,",12
BDA,Low,Bermuda,Caribbean,Caribbean,Caribbean,Caribbean,Caribbean,,Central America,"South, Latin America","Hawaii, Central America","Caribbean, Mexico & Central America","Central America, Caribbean, Hawaii, Bermuda",Central America & Caribbean,"Central America, Caribbean, Hawaii, Mexico",Central America & Caribbean,Caribbean & Central America,,"BDA,",14
PBH,Very Low,Bhutan,South Asia,Asia Region 2,South Asia,South Asian Subcontinent,Rest of Asia,,Asia 3,Asia 2,,,Indian Subcontinent,India,,,,,"PBH,",9
LPB,Low,Bolivia,Southern South America,South America Region 2,South of South America,Northern South America,South America,,South America,"South, Latin America",South America,,Latin America 2,South America,South America 2,South South America,Southern South America,,"LPB,",13
BON,Low,Bonaire,Caribbean,Caribbean,,Caribbean,Caribbean,,Central America,"South, Latin America","Hawaii, Central America","Caribbean, Mexico & Central America","North America, Aruba, Bonaire, Curacao, Suriname",,,,,,"BON,",9
SJJ,Very Low,Bosnia-Herzegovina,Europe,Europe,Europe,Europe,Europe,,Europe,Europe,Europe,,Europe 3 + North Africa,Europe,Europe 1 & North Africa 1,Europe,Europe 2,,"SJJ,",13
GBE,Low,Botswana,Central/Southern Africa,Africa,South Africa,Africa,Africa,,"Middle East, Africa","Africa, Middle East","Central, South Africa",,,Southern Africa,,Africa,"East, West and South Africa",,"GBE,",11
CNF,Medium,Brazil - Belo Horizonte,Southern South America,South America Region 2,Brazil,Southern South America,Deep South America,,South America,"South, Latin America",South America,,Latin America 2,South America,South America 2,South South America,Southern South America,,"CNF,",13
BSB,Medium,Brazil - Brasilia,Southern South America,South America Region 2,Brazil,Southern South America,Deep South America,,South America,"South, Latin America",South America,South America,Latin America 2,South America,South America 2,South South America,Southern South America,,"BSB,",14
VCP,Medium,Brazil - Campinas-Viracopos,Southern South America,South America Region 2,Brazil,Southern South America,Deep South America,,South America,"South, Latin America",South America,,Latin America 2,South America,South America 2,South South America,Southern South America,,"VCP,",13
POA,Medium,Brazil - Porto Alegre,Southern South America,South America Region 2,Brazil,Southern South America,Deep South America,,South America,"South, Latin America",South America,,Latin America 2,South America,South America 2,South South America,Southern South America,,"POA,",13
GIG,Alliance Hub,Brazil - Rio De Janeiro - Galeao,Southern South America,South America Region 2,Brazil,Southern South America,Deep South America,,South America,"South, Latin America",South America,South America,Latin America 2,South America,South America 2,South South America,Southern South America,,"GIG,",14
SDU,Medium,Brazil - Rio De Janeiro - Santos Dumont,Southern South America,South America Region 2,Brazil,Southern South America,Deep South America,,South America,"South, Latin America",South America,,Latin America 2,South America,South America 2,South South America,Southern South America,,"SDU,",13
SSA,Medium,Brazil - Salvador,Southern South America,South America Region 2,Brazil,Southern South America,Deep South America,,South America,"South, Latin America",South America,,Latin America 2,South America,South America 2,South South America,Southern South America,,"SSA,",13
CGH,Medium,Brazil - Sao Paulo - Congonhas,Southern South America,South America Region 2,Brazil,Southern South America,Deep South America,South America,South America,"South, Latin America",South America,,Latin America 2,South America,South America 2,South South America,Southern South America,,"CGH,",14
GRU,Alliance Hub,Brazil - Sao Paulo - Guarulhos,Southern South America,South America Region 2,Brazil,Southern South America,Deep South America,,South America,"South, Latin America",South America,South America,Latin America 2,South America,South America 2,South South America,Southern South America,,"GRU,",14
EIS,Low,British Virgin Islands,Caribbean,Caribbean,,Caribbean,Caribbean,,Central America,"South, Latin America","Hawaii, Central America",,"Central America, Caribbean, Hawaii, Bermuda",Central America & Caribbean,,,,,"EIS,",9
BWN,Very Low,Brunei,South Asia,Asia Region 2,South Asia,Southeast Asia,Rest of Asia,,Asia 2,Asia 2,"Zone 2 - Malaysia, Indonesia & Brunei",,,South East Asia,,,Asia 2,,"BWN,",10
SOF,Low,Bulgaria,Europe,Europe,Europe,Europe,Europe,,Europe,Europe,Europe,,Europe 3 + North Africa,Europe,Europe 1 & North Africa 1,Europe,Europe 2,,"SOF,",13
OUA,Very Low,Burkina Faso,Central/Southern Africa,Africa,South Africa,Africa,Africa,,"Middle East, Africa","Africa, Middle East",,,Africa 1,Middle East/Caucasus/North/Central Africa,Central & Southern Africa,Africa,"East, West and South Africa",,"OUA,",12
BJM,Very Low,Burundi,Central/Southern Africa,Africa,South Africa,Africa,Africa,,"Middle East, Africa","Africa, Middle East","Central, South Africa",,Africa 1,Middle East/Caucasus/North/Central Africa,Central & Southern Africa,Africa,"East, West and South Africa",,"BJM,",13
REP,Low,Cambodia,South Asia,Asia Region 2,South Asia,Southeast Asia,Rest of Asia,Southeast Asia,Asia 2,Asia 2,"Zone 3 - Philippines, Thailand, Vietnam, Myanmar & Cambodia",,Asia 2,South East Asia,Southeast Asia,Southeast Asia,Asia 2,,"REP,",14
DLA,Very Low,Cameroon,Central/Southern Africa,Africa,South Africa,Africa,Africa,,"Middle East, Africa","Africa, Middle East",,,Africa 1,Middle East/Caucasus/North/Central Africa,Central & Southern Africa,Africa,"East, West and South Africa",,"DLA,",12
YYC,Medium,Canada - Calgary,"Mainland US, Alaska & Canada",Canada & Alaska,North America,"Continental US, Alaska, Canada",Continental US & Canada,,North America,North America,North America,,"North America, Aruba, Bonaire, Curacao, Suriname",North America,North America,Canada,Canada & Continental US,,"YYC,",13
YUL,Alliance Hub,Canada - Montreal,"Mainland US, Alaska & Canada",Canada & Alaska,North America,"Continental US, Alaska, Canada",Continental US & Canada,,North America,North America,North America,,"North America, Aruba, Bonaire, Curacao, Suriname",North America,North America,Canada,Canada & Continental US,,"YUL,",13
YYZ,Alliance Hub,Canada - Toronto,"Mainland US, Alaska & Canada",Canada & Alaska,North America,"Continental US, Alaska, Canada",Continental US & Canada,,North America,North America,North America,,"North America, Aruba, Bonaire, Curacao, Suriname",North America,North America,Canada,Canada & Continental US,,"YYZ,",13
YVR,Alliance Hub,Canada - Vancouver,"Mainland US, Alaska & Canada",Canada & Alaska,North America,"Continental US, Alaska, Canada",Continental US & Canada,,North America,North America,North America,,"North America, Aruba, Bonaire, Curacao, Suriname",North America,North America,Canada,Canada & Continental US,,"YVR,",13
LPA,Low,Canary Islands,Northern Africa,Europe,,Europe,Africa,,,Europe,Europe,,Europe 3 + North Africa,Middle East/Caucasus/North/Central Africa,,,Middle East & North Africa,,"LPA,",9
SID,Low,Cape Verde,Central/Southern Africa,Africa,South Africa,Africa,Africa,,"Middle East, Africa","Africa, Middle East",,,,Middle East/Caucasus/North/Central Africa,,Africa,"East, West and South Africa",,"SID,",10
GCM,Low,Cayman Islands,Caribbean,Caribbean,Caribbean,Caribbean,Caribbean,,Central America,"South, Latin America","Hawaii, Central America","Caribbean, Mexico & Central America","Central America, Caribbean, Hawaii, Bermuda",Central America & Caribbean,"Central America, Caribbean, Hawaii, Mexico",Central America & Caribbean,Caribbean & Central America,,"GCM,",14
BGF,Very Low,Central African Republic,Central/Southern Africa,Africa,South Africa,Africa,Africa,,"Middle East, Africa","Africa, Middle East",,,Africa 1,,Central & Southern Africa,Africa,"East, West and South Africa",,"BGF,",11
NDJ,Very Low,Chad,Central/Southern Africa,Africa,South Africa,Africa,Africa,,"Middle East, Africa","Africa, Middle East",,,Africa 1,,Central & Southern Africa,North Africa,"East, West and South Africa",,"NDJ,",11
SCL,Alliance Hub,Chile,Southern South America,South America Region 2,South of South America,Southern South America,Deep South America,,South America,"South, Latin America",South America,South America,Latin America 2,South America,South America 2,South South America,Southern South America,,"SCL,",14
PEK,Alliance Hub,China - Beijing,North Asia,Asia Region 2,North Asia,Northern Asia,China,China/Northeast Asia,Asia 2,Asia 1,North Asia 2,"Africa, Middle East & Asia",Asia 1 (Eastern Russia),Far East,Southeast Asia,Southeast Asia,Asia 1,,"PEK,",15
CTU,Medium,China - Chengdu,North Asia,Asia Region 2,North Asia,Northern Asia,China,,Asia 3,Asia 1,North Asia 2,,Asia 1 (Eastern Russia),Far East,Southeast Asia,Southeast Asia,Asia 1,,"CTU,",13
CKG,Medium,China - Chongqing,North Asia,Asia Region 2,North Asia,Northern Asia,China,,Asia 4,Asia 1,North Asia 2,,Asia 1 (Eastern Russia),Far East,Southeast Asia,Southeast Asia,Asia 1,,"CKG,",13
CAN,Medium,China - Guangzhou,North Asia,Asia Region 2,North Asia,Northern Asia,China,China/Northeast Asia,Asia 5,Asia 1,North Asia 2,,Asia 1 (Eastern Russia),Far East,Southeast Asia,Southeast Asia,Asia 1,,"CAN,",14
HGH,Medium,China - Hangzhou,North Asia,Asia Region 2,North Asia,Northern Asia,China,China/Northeast Asia,Asia 6,Asia 1,North Asia 2,,Asia 1 (Eastern Russia),Far East,Southeast Asia,Southeast Asia,Asia 1,,"HGH,",14
KMG,Medium,China - Kunming,North Asia,Asia Region 2,North Asia,Northern Asia,China,China/Northeast Asia,Asia 7,Asia 1,North Asia 2,,Asia 1 (Eastern Russia),Far East,Southeast Asia,Southeast Asia,Asia 1,,"KMG,",14
PVG,Alliance Hub,China - Shanghai,North Asia,Asia Region 2,North Asia,Northern Asia,China,China/Northeast Asia,Asia 8,Asia 1,North Asia 2,"Africa, Middle East & Asia",Asia 1 (Eastern Russia),Far East,Southeast Asia,Southeast Asia,Asia 1,,"PVG,",15
XIY,Medium,China - Xi'an,North Asia,Asia Region 2,North Asia,Northern Asia,China,China/Northeast Asia,Asia 9,Asia 1,North Asia 2,,Asia 1 (Eastern Russia),Far East,Southeast Asia,Southeast Asia,Asia 1,,"XIY,",14
BOG,Alliance Hub,Colombia,Northern South America,South America Region 1,North of South America,Northern South America,South America,,South America,"South, Latin America",South America,South America,Latin America 1 ,South America,South America 1,North South America,Northern South America,,"BOG,",14
HAH,Very Low,Comoros,Central/Southern Africa,,South Africa,Africa,Africa,,"Middle East, Africa","Africa, Middle East",,,Africa 2 (Southern + Indian Ocean),,Central & Southern Africa,Africa,,,"HAH,",9
BZV,Very Low,Congo,Central/Southern Africa,Africa,South Africa,Africa,Africa,,"Middle East, Africa","Africa, Middle East","Central, South Africa",,Africa 1,Middle East/Caucasus/North/Central Africa,Central & Southern Africa,Africa,"East, West and South Africa",,"BZV,",13
RAR,Very Low,Cook Islands,Oceania,,Others,Southwest Pacific,Other,,,"Oceania, Micronesia",South West Pacific,,,Australia/New Zealand/Oceania,,,"Australia, New Zealand & South Pacific",,"RAR,",8
SJO,Low,Costa Rica,Central America,Central America,Central America South,Central America,Central America,,Central America,"South, Latin America","Hawaii, Central America","Caribbean, Mexico & Central America","Central America, Caribbean, Hawaii, Bermuda",Central America & Caribbean,"Central America, Caribbean, Hawaii, Mexico",Central America & Caribbean,Caribbean & Central America,,"SJO,",14
ABJ,Very Low,Cote D'Ivoire,Central/Southern Africa,Africa,South Africa,Africa,Africa,,"Middle East, Africa","Africa, Middle East","Central, South Africa",,Africa 1,Middle East/Caucasus/North/Central Africa,Central & Southern Africa,North Africa,"East, West and South Africa",,"ABJ,",13
ZAG,Alliance Hub,Croatia,Europe,Europe,Europe,Europe,Europe,,Europe,Europe,Europe,,Europe 3 + North Africa,Europe,Europe 1 & North Africa 1,,Europe 2,,"ZAG,",12
HAV,Low,Cuba,,,Caribbean,Caribbean,Caribbean,,Central America,"South, Latin America",,,"Central America, Caribbean, Hawaii, Bermuda",Central America & Caribbean,"Central America, Caribbean, Hawaii, Mexico",,,,"HAV,",8
CUR,Low,Curacao,Caribbean,Caribbean,Caribbean,Caribbean,Caribbean,,Central America,"South, Latin America","Hawaii, Central America",,"North America, Aruba, Bonaire, Curacao, Suriname",,,,,,"CUR,",9
LCA,Low,Cyprus,Europe,Europe,Europe,Europe,Europe,,Europe,Europe,"Middle East, North Africa",,Europe 3 + North Africa,Europe,Europe 3 & Near East,Europe,Europe 2,,"LCA,",13
PRG,Low,Czech Republic,Europe,Europe,Europe,Europe,Europe,,Europe,Europe,Europe,UK/Europe,Europe 3 + North Africa,Europe,Europe 1 & North Africa 1,Europe,Europe 2,,"PRG,",14
FIH,Very Low,Democratic Republic of the Congo,Central/Southern Africa,Africa,South Africa,Africa,Africa,,"Middle East, Africa","Africa, Middle East",,,,,Central & Southern Africa,Africa,"East, West and South Africa",,"FIH,",10
CPH,Alliance Hub,Denmark,Europe,Europe,Europe,Europe,Europe,,Europe,Europe,Europe,UK/Europe,Europe 2,Europe,Europe 2 & North Africa 2,Europe,Europe 1,,"CPH,",14
JIB,Very Low,Djibouti,Central/Southern Africa,,South Africa,Africa,Africa,,"Middle East, Africa","Africa, Middle East",,,,Middle East/Caucasus/North/Central Africa,Central & Southern Africa,North Africa,,,"JIB,",9
DOM,Very Low,Dominica,,,,Caribbean,Other,,Central America,"South, Latin America",,,,,,,,,"DOM,",4
PUJ,Low,Dominican Republic,Caribbean,Caribbean,Caribbean,Caribbean,Caribbean,,Central America,"South, Latin America","Hawaii, Central America","Caribbean, Mexico & Central America","Central America, Caribbean, Hawaii, Bermuda",Central America & Caribbean,"Central America, Caribbean, Hawaii, Mexico",Central America & Caribbean,Caribbean & Central America,,"PUJ,",14
IPC,Low,Easter Island,,South Pacific,,,Other,,,,,,,,,,,,"IPC,",2
UIO,Low,Ecuador,Northern South America,South America Region 1,North of South America,Northern South America,South America,,South America,"South, Latin America",South America,South America,Latin America 1 ,South America,South America 1,North South America,Northern South America,,"UIO,",14
CAI,Alliance Hub,Egypt,Middle East,Middle East / Indian Subcontinent,Middle East/North Africa,Middle East,Africa,,Middle East,"Africa, Middle East","Middle East, North Africa",,"Middle East, Central Asia, Central Russia",Middle East/Caucasus/North/Central Africa,Europe 3 & Near East,North Africa,Middle East & North Africa,,"CAI,",13
SAL,Low,El Salvador,Central America,Central America,Central America North,Central America,Central America,,Central America,"South, Latin America","Hawaii, Central America","Caribbean, Mexico & Central America","Central America, Caribbean, Hawaii, Bermuda",Central America & Caribbean,"Central America, Caribbean, Hawaii, Mexico",Central America & Caribbean,Caribbean & Central America,,"SAL,",14
SSG,Very Low,Equatorial Guinea,Central/Southern Africa,Africa,South Africa,Africa,Africa,,"Middle East, Africa","Africa, Middle East","Central, South Africa",,Africa 1,Middle East/Caucasus/North/Central Africa,Central & Southern Africa,Africa,"East, West and South Africa",,"SSG,",13
ASM,Very Low,Eritrea,Central/Southern Africa,Africa,South Africa,Africa,Africa,,"Middle East, Africa","Africa, Middle East",,,,Middle East/Caucasus/North/Central Africa,,North Africa,"East, West and South Africa",,"ASM,",10
TLL,Low,Estonia,Europe,Europe,Europe,Europe,Europe,,Europe,Europe,Europe,,Europe 3 + North Africa,Europe,Europe 3 & Near East,Europe,Europe 2,,"TLL,",13
ADD,Alliance Hub,Ethiopia,Central/Southern Africa,Africa,South Africa,Africa,Africa,,"Middle East, Africa","Africa, Middle East","Central, South Africa",,Africa 1,Middle East/Caucasus/North/Central Africa,Central & Southern Africa,Africa,"East, West and South Africa",,"ADD,",13
MPN,Very Low,Falkland Islands,,,,,Other,,,"South, Latin America",,,,,,,,,"MPN,",2
LYR,Very Low,Faroe Islands,,,,Europe,Other,,,,,,,,,,,,"LYR,",2
NAN,Low,Fiji,Oceania,South Pacific,Others,Southwest Pacific,Fiji,Oceania,Oceania,"Oceania, Micronesia",South West Pacific,,Pacific 2,Australia/New Zealand/Oceania,Australia & Pacific,"Australia, NZ and South Pacific","Australia, New Zealand & South Pacific",,"NAN,",14
HEL,Alliance Hub,Finland,Europe,Europe,Europe,Europe,Europe,,Europe,Europe,Europe,,Europe 2,Europe,Europe 2 & North Africa 2,Europe,Europe 2,,"HEL,",13
PAR,Alliance Hub,France - Paris,Europe,Europe,Europe,Europe,Europe,,Europe,Europe,Europe,UK/Europe,Europe 1,Europe,Europe 2 & North Africa 2,Europe,Europe 1,,"PAR,",14
NCE,Low,France - Nice / Monaco,,,,Europe,Other,,,,,,,,,,,,"NCE,",2
CAY,Very Low,French Guinea,Northern South America,,,Northern South America,South America,,Central America,"South, Latin America",,,"Central America, Caribbean, Hawaii, Bermuda",South America,South America 1,North South America,,,"CAY,",9
PPT,Low,French Polynesia,Oceania,South Pacific,Others,Southwest Pacific,French Polynesia,,Oceania,"Oceania, Micronesia",South West Pacific,South West Pacific,Pacific 1,Australia/New Zealand/Oceania,Tahiti,"Australia, NZ and South Pacific","Australia, New Zealand & South Pacific",,"PPT,",14
LBV,Very Low,Gabon,Central/Southern Africa,Africa,South Africa,Africa,Africa,,"Middle East, Africa","Africa, Middle East",,,Africa 1,Middle East/Caucasus/North/Central Africa,Central & Southern Africa,Africa,"East, West and South Africa",,"LBV,",12
BJL,Very Low,Gambia,Central/Southern Africa,Africa,South Africa,Africa,Africa,,"Middle East, Africa","Africa, Middle East",,,,Middle East/Caucasus/North/Central Africa,,North Africa,"East, West and South Africa",,"BJL,",10
SXF,Medium,Germany - Berlin - Schonefeld,Europe,Europe,Europe,Europe,Other,,Europe,Europe,Europe,,Europe 1,Europe,Europe 2 & North Africa 2,Europe,Europe 1,,"SXF,",13
TXL,Medium,Germany - Berlin - Tegel,Europe,Europe,Europe,Europe,Europe,,Europe,Europe,Europe,,Europe 1,Europe,Europe 2 & North Africa 2,Europe,Europe 1,,"TXL,",13
CGN,Medium,Germany - Cologne-Bonn,Europe,Europe,Europe,Europe,Europe,,Europe,Europe,Europe,,Europe 1,Europe,Europe 2 & North Africa 2,Europe,Europe 1,,"CGN,",13
DUS,Alliance Hub,Germany - Dusseldorf,Europe,Europe,Europe,Europe,Europe,,Europe,Europe,Europe,,Europe 1,Europe,Europe 2 & North Africa 2,Europe,Europe 1,,"DUS,",13
FRA,Alliance Hub,Germany - Frankfurt,Europe,Europe,Europe,Europe,Europe,,Europe,Europe,"Zone 12 - Europe II (BCN, FRA, LON, MAN, MXP, DME, MUC, CDG, ZRH)",UK/Europe,Europe 1,Europe,Europe 2 & North Africa 2,Europe,Europe 1,,"FRA,",14
HAM,Medium,Germany - Hamburg,Europe,Europe,Europe,Europe,Europe,,Europe,Europe,Europe,,Europe 1,Europe,Europe 2 & North Africa 2,Europe,Europe 1,,"HAM,",13
MUC,Alliance Hub,Germany - Munich,Europe,Europe,Europe,Europe,Europe,,Europe,Europe,Europe,UK/Europe,Europe 1,Europe,Europe 2 & North Africa 2,Europe,Europe 1,,"MUC,",14
TBS,Very Low,Georgia,Europe,Europe,Middle East/North Africa,Europe,Other,,Europe,Europe,"Middle East, North Africa",,"Middle East, Central Asia, Central Russia",Middle East/Caucasus/North/Central Africa,Europe 3 & Near East,Middle East,Europe 2,,"TBS,",13
ACC,Very Low,Ghana,Central/Southern Africa,Africa,South Africa,Africa,Africa,,"Middle East, Africa","Africa, Middle East","Central, South Africa",,Africa 1,Middle East/Caucasus/North/Central Africa,Central & Southern Africa,North Africa,"East, West and South Africa",,"ACC,",13
ATH,Alliance Hub,Greece,Europe,Europe,Europe,Europe,Europe,,Europe,Europe,Europe,UK/Europe,Europe 3 + North Africa,Europe,Europe 2 & North Africa 2,Europe,Europe 2,,"ATH,",14
GIB,Very Low,Gibraltar,Europe,Europe,Europe,Europe,Europe,,Europe,Europe,,,,,,,,,"GIB,",7
GOH,Very Low,Greenland,Europe,Europe,,,Other,,Europe,,,,,North America,,,Europe 2,,"GOH,",6
GND,Low,Grenada,Caribbean,Caribbean,Caribbean,Caribbean,Caribbean,,Central America,"South, Latin America","Hawaii, Central America","Caribbean, Mexico & Central America",,Central America & Caribbean,,Central America & Caribbean,,,"GND,",11
PTP,Low,Guadeloupe,Caribbean,Caribbean,Caribbean,Caribbean,Caribbean,,Central America,"South, Latin America","Hawaii, Central America",,"Central America, Caribbean, Hawaii, Bermuda",Central America & Caribbean,"Central America, Caribbean, Hawaii, Mexico",Central America & Caribbean,Caribbean & Central America,,"PTP,",13
GUM,Low,Guam,Oceania,Asia Region 2,South Asia,Northern Asia,Other,Southeast Asia,Asia 2,Asia 1,North Asia 2,South West Pacific,Pacific 2,Australia/New Zealand/Oceania,Southeast Asia,"Australia, NZ and South Pacific",Asia 2,,"GUM,",15
GUA,Low,Guatemala,Central America,Central America,Central America North,Central America,Central America,,Central America,"South, Latin America","Hawaii, Central America","Caribbean, Mexico & Central America","Central America, Caribbean, Hawaii, Bermuda",Central America & Caribbean,"Central America, Caribbean, Hawaii, Mexico",Central America & Caribbean,Caribbean & Central America,,"GUA,",14
CKY,Very Low,Guinea,Central/Southern Africa,Africa,South Africa,Africa,Africa,,"Middle East, Africa","Africa, Middle East",,,Africa 1,Middle East/Caucasus/North/Central Africa,Central & Southern Africa,North Africa,"East, West and South Africa",,"CKY,",12
OXB,Very Low,Guinea-Bissau,Central/Southern Africa,Africa,South Africa,Africa,Africa,,"Middle East, Africa","Africa, Middle East",,,,Middle East/Caucasus/North/Central Africa,,,"East, West and South Africa",,"OXB,",9
GEO,Very Low,Guyana,Northern South America,,,Caribbean,South America,,Central America,"South, Latin America",,,"Central America, Caribbean, Hawaii, Bermuda",,,North South America,Northern South America,,"GEO,",8
HNL,Alliance Hub,Hawaii - Honolulu,Hawaii,Hawaii,Hawaii,Hawaii,Hawaii,,North America,Hawaii,"Hawaii, Central America",Hawaii,"Central America, Caribbean, Hawaii, Bermuda",Hawaii,"Central America, Caribbean, Hawaii, Mexico",Hawaii,Hawaii,,"HNL,",14
PAP,Very Low,Haiti,Caribbean,Caribbean,Caribbean,Caribbean,Caribbean,,Central America,"South, Latin America","Hawaii, Central America","Caribbean, Mexico & Central America","Central America, Caribbean, Hawaii, Bermuda",Central America & Caribbean,"Central America, Caribbean, Hawaii, Mexico",Central America & Caribbean,Caribbean & Central America,,"PAP,",14
HKG,Alliance Hub,Hong Kong,South Asia,Asia Region 2,,Northern Asia,Rest of Asia,China/Northeast Asia,Asia 2,Asia 1,"Zone 4 - South China, Hong Kong, Taiwan","Africa, Middle East & Asia",Asia 2,Far East,Southeast Asia,Southeast Asia,Asia 1,,"HKG,",14
BUD,Medium,Hungary,Europe,Europe,Europe,Europe,Europe,,Europe,Europe,Europe,,Europe 3 + North Africa,Europe,Europe 1 & North Africa 1,Europe,Europe 2,,"BUD,",13
TGU,Low,Honduras,Central America,Central America,Central America North,Central America,Central America,,Central America,"South, Latin America",,"Caribbean, Mexico & Central America","Central America, Caribbean, Hawaii, Bermuda",Central America & Caribbean,"Central America, Caribbean, Hawaii, Mexico",Central America & Caribbean,Caribbean & Central America,,"TGU,",13
MAA,Medium,India - Chennai,Central Asia,Middle East / Indian Subcontinent,Central Asia,South Asian Subcontinent,India,,Asia 3,Asia 2,"Zone 6 - South Asia (India, Sri Lanka, Maldives & Bangladesh)",,Indian Subcontinent,India,Indian Sub-Continent,Southwest Asia,Indian Subcontinent,,"MAA,",13
DEL,Alliance Hub,India - Delhi,Central Asia,Middle East / Indian Subcontinent,Central Asia,South Asian Subcontinent,India,,Asia 3,Asia 2,"Zone 6 - South Asia (India, Sri Lanka, Maldives & Bangladesh)",,Indian Subcontinent,India,Indian Sub-Continent,Southwest Asia,Indian Subcontinent,,"DEL,",13
BOM,Alliance Hub,India - Mumbai,Central Asia,Middle East / Indian Subcontinent,Central Asia,South Asian Subcontinent,India,Southwest Asia,Asia 3,Asia 2,"Zone 6 - South Asia (India, Sri Lanka, Maldives & Bangladesh)",,Indian Subcontinent,India,Indian Sub-Continent,Southwest Asia,Indian Subcontinent,,"BOM,",14
DPS,Alliance Hub,Indonesia - Denpasar/Bali,South Asia,Asia Region 2,South Asia,Southeast Asia,Rest of Asia,Southeast Asia,Asia 2,Asia 2,"Zone 2 - Malaysia, Indonesia & Brunei",,Asia 2,South East Asia,Southeast Asia,Southeast Asia,Asia 2,,"DPS,",14
CGK,Alliance Hub,Indonesia - Jakarta,South Asia,Asia Region 2,South Asia,Southeast Asia,Rest of Asia,Southeast Asia,Asia 2,Asia 2,"Zone 2 - Malaysia, Indonesia & Brunei",,Asia 2,South East Asia,Southeast Asia,Southeast Asia,Asia 2,,"CGK,",14
KEF,Low,Iceland,Europe,Europe,Europe,Europe,Europe,,Europe,Europe,,UK/Europe,,Europe,,Europe,Europe 2,,"KEF,",11
THR,Very Low,Iran,Middle East,Middle East / Indian Subcontinent,Middle East/North Africa,Middle East,Middle East,,Middle East,"Africa, Middle East","Middle East, North Africa",,"Middle East, Central Asia, Central Russia",Middle East/Caucasus/North/Central Africa,Middle East,Middle East,Middle East & North Africa,,"THR,",13
DUB,Alliance Hub,Ireland - Dublin,Europe,Europe,Europe,Europe,Europe,,Europe,Europe,Europe,UK/Europe,Europe 1,Europe,Europe 2 & North Africa 2,Europe,Europe 1,,"DUB,",14
SNN,Medium,Ireland - Shannon,Europe,Europe,Europe,Europe,Europe,,Europe,Europe,Europe,UK/Europe,Europe 1,Europe,Europe 2 & North Africa 2,Europe,Europe 1,,"SNN,",14
TLV,Alliance Hub,Israel,Middle East,Middle East / Indian Subcontinent,Middle East/North Africa,Middle East,Middle East,,Middle East,"Africa, Middle East","Middle East, North Africa",UK/Europe,Europe 3 + North Africa,Middle East/Caucasus/North/Central Africa,Europe 3 & Near East,Middle East,Middle East & North Africa,,"TLV,",14
MXP,Alliance Hub,Italy - Milan-Malpensa,Europe,Europe,Europe,Europe,Europe,,Europe,Europe,Europe,UK/Europe,Europe 2,Europe,Europe 1 & North Africa 1,Europe,Europe 1,,"MXP,",14
FCO,Alliance Hub,Italy - Rome,Europe,Europe,Europe,Europe,Europe,,Europe,Europe,Europe,UK/Europe,Europe 2,Europe,Europe 1 & North Africa 1,Europe,Europe 1,,"FCO,",14
SDA,Very Low,Iraq,Middle East,Middle East / Indian Subcontinent,Middle East/North Africa,Middle East,Middle East,,Middle East,"Africa, Middle East","Middle East, North Africa",,,Middle East/Caucasus/North/Central Africa,,Middle East,Middle East & North Africa,,"SDA,",11
FUK,Medium,Japan - Fukuoka,Japan,Asia Region 1,North Asia,Northern Asia,Japan,Japan,Asia 1,Japan,North Asia 2,"Africa, Middle East & Asia",Asia 1 (Eastern Russia),Far East,Northern Asia,North Asia,Asia 1,,"FUK,",15
ITM,Medium,Japan - Osaka - Itami,Japan,Asia Region 1,North Asia,Northern Asia,Japan,,Asia 1,Japan,North Asia 2,,Asia 1 (Eastern Russia),Far East,Northern Asia,North Asia,Asia 1,,"ITM,",13
KIX,Medium,Japan - Osaka - Kansai Int'l,Japan,Asia Region 1,North Asia,Northern Asia,Japan,Japan,Asia 1,Japan,North Asia 2,"Africa, Middle East & Asia",Asia 1 (Eastern Russia),Far East,Northern Asia,North Asia,Asia 1,,"KIX,",15
HND,Alliance Hub,Japan - Tokyo - Haneda,Japan,Asia Region 1,North Asia,Northern Asia,Japan,Japan,Asia 1,Japan,North Asia 2,"Africa, Middle East & Asia",Asia 1 (Eastern Russia),Far East,Northern Asia,North Asia,Asia 1,,"HND,",15
NRT,Alliance Hub,Japan - Tokyo - Narita,Japan,Asia Region 1,North Asia,Northern Asia,Japan,Japan,Asia 1,Japan,Zone 7 - Japan & South Korea,"Africa, Middle East & Asia",Asia 1 (Eastern Russia),Far East,Northern Asia,North Asia,Asia 1,,"NRT,",15
KIN,Low,Jamaica,Caribbean,Caribbean,Caribbean,Caribbean,Caribbean,,Central America,"South, Latin America","Hawaii, Central America","Caribbean, Mexico & Central America","Central America, Caribbean, Hawaii, Bermuda",Central America & Caribbean,"Central America, Caribbean, Hawaii, Mexico",Central America & Caribbean,Caribbean & Central America,,"KIN,",14
AMM,Low,Jordan,Middle East,Middle East / Indian Subcontinent,Middle East/North Africa,Middle East,Middle East,,Middle East,"Africa, Middle East","Middle East, North Africa",,"Middle East, Central Asia, Central Russia",Middle East/Caucasus/North/Central Africa,Europe 3 & Near East,Middle East,Middle East & North Africa,,"AMM,",13
NBO,Alliance Hub,Kenya,Central/Southern Africa,Africa,South Africa,Africa,Africa,,"Middle East, Africa","Africa, Middle East",,,Africa 1,Middle East/Caucasus/North/Central Africa,Central & Southern Africa,Africa,"East, West and South Africa",,"NBO,",12
ALA,Very Low,Kazakhstan,Central Asia,Middle East / Indian Subcontinent,Central Asia,Middle East,Rest of Asia,,Asia 2,Asia 2,"Central, South Asia",,"Middle East, Central Asia, Central Russia",Central Asia,Middle East,Southwest Asia,Middle East & North Africa,,"ALA,",13
TRW,Very Low,Kiribati,,,,Southwest Pacific,Other,,Oceania,"Oceania, Micronesia",,,,,,,,,"TRW,",4
KWI,Very Low,Kuwait,Middle East,Middle East / Indian Subcontinent,Middle East/North Africa,Middle East,Middle East,,Middle East,"Africa, Middle East","Middle East, North Africa",,"Middle East, Central Asia, Central Russia",Middle East/Caucasus/North/Central Africa,Middle East,Middle East,Middle East & North Africa,,"KWI,",13
FRU,Very Low,Kyrgyzstan,Central Asia,Middle East / Indian Subcontinent,Central Asia,Middle East,Rest of Asia,,Asia 2,Asia 2,"Central, South Asia",,,Central Asia,Middle East,Southwest Asia,Middle East & North Africa,,"FRU,",12
VTE,Low,Laos,South Asia,Asia Region 2,South Asia,Southeast Asia,Rest of Asia,,Asia 2,Asia 2,South East Asia 2,,Asia 2,South East Asia,Southeast Asia,Southeast Asia,Asia 2,,"VTE,",13
RIX,Low,Latvia,Europe,Europe,Europe,Europe,Europe,,Europe,Europe,Europe,,Europe 3 + North Africa,Europe,Europe 3 & Near East,Europe,Europe 2,,"RIX,",13
BEY,Low,Lebanon,Middle East,Middle East / Indian Subcontinent,Middle East/North Africa,Middle East,Middle East,,Middle East,"Africa, Middle East","Middle East, North Africa",,"Middle East, Central Asia, Central Russia",Middle East/Caucasus/North/Central Africa,Europe 3 & Near East,Middle East,Middle East & North Africa,,"BEY,",13
MSU,Very Low,Lesotho,Central/Southern Africa,Africa,South Africa,Africa,Africa,,"Middle East, Africa","Africa, Middle East",,,,Southern Africa,,,"East, West and South Africa",,"MSU,",9
LIR,Very Low,Liberia,Central/Southern Africa,Africa,South Africa,Africa,Africa,,"Middle East, Africa","Africa, Middle East",,,Africa 1,Middle East/Caucasus/North/Central Africa,,Africa,"East, West and South Africa",,"LIR,",11
TIP,Very Low,Libya,Northern Africa,Africa,Middle East/North Africa,Africa,Africa,,"Middle East, Africa","Africa, Middle East","Middle East, North Africa",,Europe 3 + North Africa,Middle East/Caucasus/North/Central Africa,Europe 1 & North Africa 1,North Africa,Middle East & North Africa,,"TIP,",13
VNO,Low,Lithuania,Europe,Europe,Europe,Europe,Europe,,Europe,Europe,Europe,,Europe 3 + North Africa,Europe,Europe 3 & Near East,Europe,Europe 2,,"VNO,",13
LUX,Low,Luxembourg,Europe,Europe,Europe,Europe,Europe,,Europe,Europe,Europe,,Europe 1,Europe,Europe 2 & North Africa 2,Europe,Europe 2,,"LUX,",13
MFM,Low,Macau,South Asia,,,Southeast Asia,Rest of Asia,,Asia 2,Asia 1,North Asia 1,,,Far East,,,Asia 1,,"MFM,",8
SKP,Low,Macedonia,Europe,Europe,,Europe,Europe,,Europe,Europe,Europe,,Europe 3 + North Africa,Europe,Europe 1 & North Africa 1,Europe,Europe 2,,"SKP,",12
TNR,Very Low,Madagascar,Central/Southern Africa,Africa,South Africa,Africa,Africa,,"Middle East, Africa","Africa, Middle East","Central, South Africa",,Africa 2 (Southern + Indian Ocean),Southern Africa,Central & Southern Africa,Africa,"East, West and South Africa",,"TNR,",13
FNC,Low,Madeira,Europe,Europe,Europe,,Other,,,,,,,Middle East/Caucasus/North/Central Africa,,,,,"FNC,",5
KUL,Alliance Hub,Malaysia,South Asia,Asia Region 2,South Asia,Southeast Asia,Rest of Asia,Southeast Asia,Asia 2,Asia 2,"Zone 2 - Malaysia, Indonesia & Brunei",,Asia 2,South East Asia,Southeast Asia,Southeast Asia,Asia 2,,"KUL,",14
LLW,Very Low,Malawi,Central/Southern Africa,Africa,South Africa,Africa,Africa,,"Middle East, Africa","Africa, Middle East","Central, South Africa",,Africa 1,Southern Africa,Central & Southern Africa,Africa,"East, West and South Africa",,"LLW,",13
MLE,Low,Maldives,Central Asia,Middle East / Indian Subcontinent,Central Asia,South Asian Subcontinent,Rest of Asia,Southwest Asia,Asia 3,Asia 2,"Zone 6 - South Asia (India, Sri Lanka, Maldives & Bangladesh)",,Indian Subcontinent,India,Indian Sub-Continent,,Indian Subcontinent,,"MLE,",13
BKO,Very Low,Mali,Central/Southern Africa,Africa,South Africa,Africa,Africa,,"Middle East, Africa","Africa, Middle East",,,Africa 1,Middle East/Caucasus/North/Central Africa,Central & Southern Africa,,"East, West and South Africa",,"BKO,",11
MLA,Low,Malta,Europe,Europe,Europe,Europe,Europe,,Europe,Europe,Europe,,Europe 2,Europe,Europe 1 & North Africa 1,Europe,Europe 2,,"MLA,",13
MAJ,Very Low,Marshall Islands,Oceania,,Others,,Other,,Asia 2,"Oceania, Micronesia",,,Pacific 2,,Southeast Asia,"Australia, NZ and South Pacific",,,"MAJ,",8
FDF,Low,Martinique,Caribbean,Caribbean,Caribbean,Caribbean,Caribbean,,Central America,"South, Latin America","Hawaii, Central America",,"Central America, Caribbean, Hawaii, Bermuda",Central America & Caribbean,"Central America, Caribbean, Hawaii, Mexico",Central America & Caribbean,Caribbean & Central America,,"FDF,",13
NKC,Very Low,Mauritania,Central/Southern Africa,Africa,South Africa,Africa,Africa,,"Middle East, Africa","Africa, Middle East",,,Africa 1,,Central & Southern Africa,North Africa,"East, West and South Africa",,"NKC,",11
MRU,Low,Mauritius,Central/Southern Africa,Africa,South Africa,Africa,Africa,,"Middle East, Africa","Africa, Middle East","Central, South Africa",,Africa 2 (Southern + Indian Ocean),Southern Africa,Central & Southern Africa,,"East, West and South Africa",,"MRU,",12
DZA,Very Low,Mayotte,,,,Africa,Other,,"Middle East, Africa","Africa, Middle East",,,Africa 2 (Southern + Indian Ocean),,,,,,"DZA,",5
CUN,Medium,Mexico - Cancun,Mexico,Mexico,Mexico,Mexico,Mexico,,North America,North America,"Hawaii, Central America","Caribbean, Mexico & Central America","North America, Aruba, Bonaire, Curacao, Suriname",Central America & Caribbean,"Central America, Caribbean, Hawaii, Mexico",Mexico,Mexico,,"CUN,",14
GDL,Medium,Mexico - Guadalajara,Mexico,Mexico,Mexico,Mexico,Mexico,,North America,North America,"Hawaii, Central America","Caribbean, Mexico & Central America","North America, Aruba, Bonaire, Curacao, Suriname",Central America & Caribbean,"Central America, Caribbean, Hawaii, Mexico",Mexico,Mexico,,"GDL,",14
MEX,Alliance Hub,Mexico - Mexico City,Mexico,Mexico,Mexico,Mexico,Mexico,,North America,North America,"Hawaii, Central America","Caribbean, Mexico & Central America","North America, Aruba, Bonaire, Curacao, Suriname",Central America & Caribbean,"Central America, Caribbean, Hawaii, Mexico",Mexico,Mexico,,"MEX,",14
MTY,Medium,Mexico - Monterrey,Mexico,Mexico,Mexico,Mexico,Mexico,,North America,North America,"Hawaii, Central America","Caribbean, Mexico & Central America","North America, Aruba, Bonaire, Curacao, Suriname",Central America & Caribbean,"Central America, Caribbean, Hawaii, Mexico",Mexico,Mexico,,"MTY,",14
PVR,Medium,Mexico - Puerto Vallarta,Mexico,Mexico,Mexico,Mexico,Mexico,,North America,North America,"Hawaii, Central America","Caribbean, Mexico & Central America","North America, Aruba, Bonaire, Curacao, Suriname",Central America & Caribbean,"Central America, Caribbean, Hawaii, Mexico",Mexico,Mexico,,"PVR,",14
SJD,Medium,Mexico - San Jose Del Cabo,Mexico,Mexico,Mexico,Mexico,Mexico,,North America,North America,"Hawaii, Central America","Caribbean, Mexico & Central America","North America, Aruba, Bonaire, Curacao, Suriname",Central America & Caribbean,"Central America, Caribbean, Hawaii, Mexico",Mexico,Mexico,,"SJD,",14
MLN,Very Low,Melilla,,Africa,,,Africa,,,,,,,,,,,,"MLN,",2
TIJ,Low,Mexico - Tijuana,Mexico,Mexico,Mexico,Mexico,Mexico,,North America,North America,"Hawaii, Central America",,"North America, Aruba, Bonaire, Curacao, Suriname",Central America & Caribbean,"Central America, Caribbean, Hawaii, Mexico",Mexico,Mexico,,"TIJ,",13
TKK,Very Low,Micronesia,Oceania,,Others,Northern Asia,Other,,Asia 2,"Oceania, Micronesia",North Asia 2,,Pacific 2,Australia/New Zealand/Oceania,Southeast Asia,"Australia, NZ and South Pacific",Asia 2,,"TKK,",12
KIV,Very Low,Moldova,Europe,Europe,Europe,Europe,Europe,,Europe,Europe,,,Europe 3 + North Africa,Europe,Europe 3 & Near East,Europe,Europe 2,,"KIV,",12
ULN,Very Low,Mongolia,North Asia,Asia Region 1,North Asia,Southeast Asia,Mongolia,China/Northeast Asia,Asia 2,Asia 2,,,Asia 1 (Eastern Russia),Central Asia,Northern Asia,Southeast Asia,Asia 2,,"ULN,",13
TGD,Very Low,Montenegro,Europe,Europe,,Europe,Europe,,Europe,Europe,Europe,,,Europe,Europe 1 & North Africa 1,,Europe 2,,"TGD,",10
MNI,Very Low,Montserrat,,,,Caribbean,Other,,Central America,"South, Latin America",,,,,,,,,"MNI,",4
CMN,Low,Morocco,Northern Africa,Africa,Middle East/North Africa,Europe,Africa,,Europe,Europe,"Middle East, North Africa",,Europe 3 + North Africa,Middle East/Caucasus/North/Central Africa,Europe 2 & North Africa 2,North Africa,Middle East & North Africa,,"CMN,",13
MPM,Very Low,Mozambique,Central/Southern Africa,Africa,South Africa,Africa,Africa,,"Middle East, Africa","Africa, Middle East","Central, South Africa",,Africa 2 (Southern + Indian Ocean),Southern Africa,Central & Southern Africa,Africa,"East, West and South Africa",,"MPM,",13
RGN,Low,Myanmar,South Asia,Asia Region 2,South Asia,Southeast Asia,Rest of Asia,Southeast Asia,Asia 2,Asia 2,"Zone 3 - Philippines, Thailand, Vietnam, Myanmar & Cambodia","Africa, Middle East & Asia",Asia 2,South East Asia,,Southeast Asia,Asia 2,,"RGN,",14
WDH,Very Low,Namibia,Central/Southern Africa,Africa,South Africa,Africa,Africa,,"Middle East, Africa","Africa, Middle East","Central, South Africa",,,Southern Africa,,Africa,"East, West and South Africa",,"WDH,",11
INU,Very Low,Nauru,,,,Southwest Pacific,Other,,Oceania,"Oceania, Micronesia",,,,,,,,,"INU,",4
KTM,Very Low,Nepal,Central Asia,Middle East / Indian Subcontinent,Central Asia,South Asian Subcontinent,Rest of Asia,Southwest Asia,Asia 3,Asia 2,"Central, South Asia",,Indian Subcontinent,India,Indian Sub-Continent,Southwest Asia,Indian Subcontinent,,"KTM,",14
SXM,Low,Netherland Antilles,Caribbean,Caribbean,Caribbean,Caribbean,Caribbean,,Central America,,"Hawaii, Central America","Caribbean, Mexico & Central America",,Central America & Caribbean,"Central America, Caribbean, Hawaii, Mexico",Central America & Caribbean,Caribbean & Central America,,"SXM,",12
AMS,Alliance Hub,Netherlands,Europe,Europe,Europe,Europe,Europe,,Europe,Europe,Europe,UK/Europe,Europe 1,Europe,Europe 2 & North Africa 2,Europe,Europe 1,,"AMS,",14
NOU,Very Low,New Caledonia,Oceania,,Others,Southwest Pacific,Other,,Oceania,"Oceania, Micronesia",,,Pacific 1,Australia/New Zealand/Oceania,Australia & Pacific,"Australia, NZ and South Pacific","Australia, New Zealand & South Pacific",,"NOU,",11
AKL,Alliance Hub,New Zealand - Auckland,Australia / New Zealand,South Pacific,Others,Southwest Pacific,Australia / New Zealand,Oceania,Oceania,"Oceania, Micronesia","Zone 9 - Australia (excl Perth, Darwin - New Zealand)",,Pacific 2,Australia/New Zealand/Oceania,Australia & Pacific,"Australia, NZ and South Pacific","Australia, New Zealand & South Pacific",,"AKL,",14
CHC,Medium,New Zealand - Christchurch,Australia / New Zealand,South Pacific,Others,Southwest Pacific,Australia / New Zealand,,Oceania,"Oceania, Micronesia","Zone 9 - Australia (excl Perth, Darwin - New Zealand)",,Pacific 2,Australia/New Zealand/Oceania,Australia & Pacific,"Australia, NZ and South Pacific","Australia, New Zealand & South Pacific",,"CHC,",13
ZQN,Low,New Zealand - Queenstown,Australia / New Zealand,South Pacific,Others,Southwest Pacific,Australia / New Zealand,,Oceania,"Oceania, Micronesia",South West Pacific,,Pacific 2,Australia/New Zealand/Oceania,Australia & Pacific,"Australia, NZ and South Pacific","Australia, New Zealand & South Pacific",,"ZQN,",13
WLG,Medium,New Zealand - Wellington,Australia / New Zealand,South Pacific,Others,Southwest Pacific,Australia / New Zealand,,Oceania,"Oceania, Micronesia",South West Pacific,,Pacific 2,Australia/New Zealand/Oceania,Australia & Pacific,"Australia, NZ and South Pacific","Australia, New Zealand & South Pacific",,"WLG,",13
MGA,Low,Nicaragua,Central America,Central America,Central America North,Central America,Central America,,Central America,"South, Latin America","Hawaii, Central America","Caribbean, Mexico & Central America","Central America, Caribbean, Hawaii, Bermuda",Central America & Caribbean,"Central America, Caribbean, Hawaii, Mexico",Central America & Caribbean,Caribbean & Central America,,"MGA,",14
NIM,Very Low,Niger,Central/Southern Africa,Africa,South Africa,Africa,Africa,,"Middle East, Africa","Africa, Middle East",,,Africa 1,Middle East/Caucasus/North/Central Africa,Central & Southern Africa,North Africa,,,"NIM,",11
LOS,Low,Nigeria,Central/Southern Africa,Africa,South Africa,Africa,Africa,,"Middle East, Africa","Africa, Middle East","Central, South Africa","Africa, Middle East & Asia",Africa 1,Middle East/Caucasus/North/Central Africa,Central & Southern Africa,North Africa,"East, West and South Africa",,"LOS,",14
NLK,Very Low,Norfolk Island,Australia / New Zealand,,Others,Southwest Pacific,Other,,,"Oceania, Micronesia",South West Pacific,,,Australia/New Zealand/Oceania,Australia & Pacific,,"Australia, New Zealand & South Pacific",,"NLK,",9
FNJ,Very Low,North Korea,,,North Asia,,Other,,,,,,,,,,Asia 1,,"FNJ,",3
SPN,Very Low,Northern Mariana Islands,Oceania,,Others,,Other,,,"Oceania, Micronesia",,,Pacific 2,Australia/New Zealand/Oceania,Southeast Asia,"Australia, NZ and South Pacific",,,"SPN,",8
OSL,Alliance Hub,Norway,Europe,Europe,Europe,Europe,Europe,,Europe,Europe,Europe,,Europe 2,Europe,Europe 2 & North Africa 2,Europe,Europe 1,,"OSL,",13
MCT,Very Low,Oman,Middle East,Middle East / Indian Subcontinent,Middle East/North Africa,Middle East,Middle East,,Middle East,"Africa, Middle East","Middle East, North Africa",,"Middle East, Central Asia, Central Russia",Middle East/Caucasus/North/Central Africa,Middle East,Middle East,Middle East & North Africa,,"MCT,",13
ISB,Medium,Pakistan - Islamabad,Central Asia,Middle East / Indian Subcontinent,Central Asia,South Asian Subcontinent,Middle East,,Asia 3,Asia 2,"Central, South Asia",,Indian Subcontinent,India,,Southwest Asia,Indian Subcontinent,,"ISB,",12
KHI,Alliance Hub,Pakistan - Karachi,Central Asia,Middle East / Indian Subcontinent,Central Asia,South Asian Subcontinent,Middle East,,Asia 3,Asia 2,"Central, South Asia",,Indian Subcontinent,India,,Southwest Asia,Indian Subcontinent,,"KHI,",12
LHE,Medium,Pakistan - Lahore,Central Asia,Middle East / Indian Subcontinent,Central Asia,South Asian Subcontinent,Middle East,,Asia 3,Asia 2,"Central, South Asia",,Indian Subcontinent,India,,Southwest Asia,Indian Subcontinent,,"LHE,",12
ROR,Very Low,Palau,Oceania,,Others,,Other,,Asia 2,"Oceania, Micronesia",North Asia 2,South West Pacific,Pacific 2,South East Asia,Southeast Asia,"Australia, NZ and South Pacific",,,"ROR,",11
PSN,Very Low,Palestine,,,Middle East/North Africa,,Middle East,,,"Africa, Middle East",,,,,,,,,"PSN,",3
PTY,Alliance Hub,Panama,Central America,Central America,Central America South,Central America,Central America,,South America,"South, Latin America","Hawaii, Central America","Caribbean, Mexico & Central America","Central America, Caribbean, Hawaii, Bermuda",Central America & Caribbean,"Central America, Caribbean, Hawaii, Mexico",Central America & Caribbean,Caribbean & Central America,,"PTY,",14
POM,Very Low,Papua New Guinea,Oceania,South Pacific,,Southeast Asia,Other,,Oceania,"Oceania, Micronesia",,,,Australia/New Zealand/Oceania,,"Australia, NZ and South Pacific",,,"POM,",8
ASU,Low,Paraguay,Southern South America,South America Region 2,South of South America,Southern South America,South America,,South America,"South, Latin America",South America,,Latin America 2,South America,,South South America,Southern South America,,"ASU,",12
LIM,Alliance Hub,Peru,Northern South America,South America Region 1,North of South America,Northern South America,South America,,South America,"South, Latin America",South America,South America,Latin America 1 ,South America,South America 1,North South America,Southern South America,,"LIM,",14
MNL,Alliance Hub,Philippines,South Asia,Asia Region 2,South Asia,Northern Asia,Rest of Asia,Southeast Asia,Asia 2,Asia 1,"Zone 3 - Philippines, Thailand, Vietnam, Myanmar & Cambodia","Africa, Middle East & Asia",Asia 2,South East Asia,Southeast Asia,Southeast Asia,Asia 2,,"MNL,",15
WAW,Alliance Hub,Poland,Europe,Europe,Europe,Europe,Europe,,Europe,Europe,Europe,,Europe 3 + North Africa,Europe,Europe 1 & North Africa 1,Europe,Europe 1,,"WAW,",13
LIS,Alliance Hub,Portugal - Lisbon,Europe,Europe,Europe,Europe,Europe,,Europe,Europe,Europe,UK/Europe,Europe 2,Europe,Europe 2 & North Africa 2,Europe,Europe 1,,"LIS,",14
OPO,Medium,Portugal - Porto,Europe,Europe,Europe,Europe,Europe,,Europe,Europe,Europe,,Europe 2,Europe,Europe 2 & North Africa 2,Europe,Europe 1,,"OPO,",13
SJU,Low,Puerto Rico,Caribbean,Caribbean,Caribbean,Caribbean,Caribbean,,North America,"South, Latin America","Hawaii, Central America","Caribbean, Mexico & Central America","North America, Aruba, Bonaire, Curacao, Suriname",Central America & Caribbean,"Central America, Caribbean, Hawaii, Mexico",Central America & Caribbean,Caribbean & Central America,,"SJU,",14
DOH,Alliance Hub,Qatar,Middle East,Middle East / Indian Subcontinent,Middle East/North Africa,Middle East,Middle East,,Middle East,"Africa, Middle East","Middle East, North Africa",,"Middle East, Central Asia, Central Russia",Middle East/Caucasus/North/Central Africa,Middle East,Middle East,Middle East & North Africa,,"DOH,",13
RUN,Low,Reunion Island,Central/Southern Africa,Africa,South Africa,Africa,Africa,,"Middle East, Africa","Africa, Middle East",,,Africa 2 (Southern + Indian Ocean),,Central & Southern Africa,Africa,,,"RUN,",10
OTP,Alliance Hub,Romania,Europe,Europe,Europe,Europe,Europe,,Europe,Europe,Europe,,,Europe,Europe 1 & North Africa 1,Europe,Europe 2,,"OTP,",12
IKT,Medium,Russia - Irkutsk/Central Russia,Europe,Europe,Europe,Northern Asia,Other,China/Northeast Asia,Asia 2,Europe,,,"Middle East, Central Asia, Central Russia",Europe,Middle East,Europe,Asia 2,,"IKT,",13
DME,Alliance Hub,Russia - Moscow - Domodedovo,Europe,Europe,Europe,Europe,Europe,,Europe,Europe,"Zone 12 - Europe II (BCN, FRA, LON, MAN, MXP, DME, MUC, CDG, ZRH)",,Europe 3 + North Africa,Europe,Europe 3 & Near East,Europe,Europe 2,,"DME,",13
SVO,Alliance Hub,Russia - Moscow - Sheremetyevo,Europe,Europe,Europe,Europe,Europe,,Europe,Europe,Europe,UK/Europe,Europe 3 + North Africa,Europe,Europe 3 & Near East,Europe,Europe 2,,"SVO,",14
VVO,Medium,Russia - Vladivostok,Europe,Europe,Europe,Northern Asia,Other,China/Northeast Asia,Asia 2,Europe,North Asia 2,,Asia 1 (Eastern Russia),Europe,Northern Asia,Europe,Asia 2,,"VVO,",14
KGL,Very Low,Rwanda,Central/Southern Africa,Africa,South Africa,Africa,Africa,,"Middle East, Africa","Africa, Middle East",,,Africa 1,Middle East/Caucasus/North/Central Africa,Central & Southern Africa,Africa,"East, West and South Africa",,"KGL,",12
VIL,Very Low,Sahara (Western),,,South Africa,,Africa,,,,,,,,,,,,"VIL,",2
SPN,Very Low,Saipan,,Asia Region 2,,Northern Asia,Other,,Asia 2,,,South West Pacific,Pacific 2,,Southeast Asia,,,,"SPN,",7
TMS,Very Low,Sao Tome and Principe,Central/Southern Africa,,South Africa,Africa,Africa,,"Middle East, Africa","Africa, Middle East",,,,Middle East/Caucasus/North/Central Africa,,,"East, West and South Africa",,"TMS,",8
JED,Medium,Saudi Arabia - Jeddah,Middle East,Middle East / Indian Subcontinent,Middle East/North Africa,Middle East,Middle East,,Middle East,"Africa, Middle East","Zone 10 - Africa, Middle East, Turkey",,"Middle East, Central Asia, Central Russia",Middle East/Caucasus/North/Central Africa,Middle East,Middle East,Middle East & North Africa,,"JED,",13
RUH,Alliance Hub,Saudi Arabia - Riyadh,Middle East,Middle East / Indian Subcontinent,Middle East/North Africa,Middle East,Middle East,,Middle East,"Africa, Middle East","Middle East, North Africa",,"Middle East, Central Asia, Central Russia",Middle East/Caucasus/North/Central Africa,Middle East,Middle East,Middle East & North Africa,,"RUH,",13
DKR,Very Low,Senegal,Central/Southern Africa,Africa,South Africa,Africa,Africa,,"Middle East, Africa","Africa, Middle East","Central, South Africa","Africa, Middle East & Asia",Africa 1,Middle East/Caucasus/North/Central Africa,Central & Southern Africa,North Africa,"East, West and South Africa",,"DKR,",14
BEG,Low,Serbia,Europe,Europe,Europe,Europe,Europe,,Europe,Europe,Europe,,Europe 3 + North Africa,Europe,Europe 1 & North Africa 1,Europe,Europe 2,,"BEG,",13
SEZ,Very Low,Seychelles,Central/Southern Africa,Africa,South Africa,Africa,Africa,,"Middle East, Africa","Africa, Middle East",,,Africa 2 (Southern + Indian Ocean),Southern Africa,Central & Southern Africa,Africa,"East, West and South Africa",,"SEZ,",12
FNA,Very Low,Sierra Leone,Central/Southern Africa,Africa,South Africa,Africa,Africa,,"Middle East, Africa","Africa, Middle East",,,,Middle East/Caucasus/North/Central Africa,Central & Southern Africa,North Africa,,,"FNA,",10
SIN,Alliance Hub,Singapore,South Asia,Asia Region 2,South Asia,Southeast Asia,Rest of Asia,Southeast Asia,Asia 2,Asia 2,Zone 1 - Singapore,"Africa, Middle East & Asia",Asia 2,South East Asia,Southeast Asia,Southeast Asia,Asia 1,,"SIN,",15
BTS,Low,Slovakia,Europe,Europe,Europe,Europe,Europe,,Europe,Europe,Europe,,Europe 3 + North Africa,Europe,Europe 1 & North Africa 1,Europe,Europe 2,,"BTS,",13
LJU,Alliance Hub,Slovenia,Europe,Europe,Europe,Europe,Europe,,Europe,Europe,Europe,,Europe 3 + North Africa,Europe,Europe 1 & North Africa 1,Europe,Europe 2,,"LJU,",13
HIR,Very Low,Solomon Islands,,,,Southwest Pacific,Other,,Oceania,"Oceania, Micronesia",,,,,,,,,"HIR,",4
MGQ,Very Low,Somalia,Central/Southern Africa,Africa,South Africa,Africa,Africa,,"Middle East, Africa","Africa, Middle East",,,,Middle East/Caucasus/North/Central Africa,,Africa,,,"MGQ,",9
CPT,Medium,South Africa - Cape Town,Central/Southern Africa,Africa,South Africa,South Africa,South Africa,,"Middle East, Africa","Africa, Middle East","Zone 10 - Africa, Middle East, Turkey",,Africa 2 (Southern + Indian Ocean),Southern Africa,Central & Southern Africa,Africa,"East, West and South Africa",,"CPT,",13
JNB,Alliance Hub,South Africa - Johannesburg,Central/Southern Africa,Africa,South Africa,South Africa,South Africa,,"Middle East, Africa","Africa, Middle East","Zone 10 - Africa, Middle East, Turkey","Africa, Middle East & Asia",Africa 2 (Southern + Indian Ocean),Southern Africa,Central & Southern Africa,Africa,"East, West and South Africa",,"JNB,",14
CJU,Medium,South Korea - Jeju,North Asia,Asia Region 1,North Asia,Northern Asia,Korea,Korea,Asia 1,South Korea,North Asia 2,"Africa, Middle East & Asia",Asia 1 (Eastern Russia),Far East,Northern Asia,North Asia,Asia 1,,"CJU,",15
GMP,Medium,South Korea - Seoul - Gimpo,North Asia,Asia Region 1,North Asia,Northern Asia,Korea,Korea,Asia 1,South Korea,North Asia 2,"Africa, Middle East & Asia",Asia 1 (Eastern Russia),Far East,Northern Asia,North Asia,Asia 1,,"GMP,",15
ICN,Alliance Hub,South Korea - Seoul - Incheon,North Asia,Asia Region 1,North Asia,Northern Asia,Korea,Korea,Asia 1,South Korea,Zone 7 - Japan & South Korea,"Africa, Middle East & Asia",Asia 1 (Eastern Russia),Far East,Northern Asia,North Asia,Asia 1,,"ICN,",15
JUB,Very Low,South Sudan,,,South Africa,,Africa,,,,,,,,,,,,"JUB,",2
BCN,Medium,Spain - Barcelona ,Europe,Europe,Europe,Europe,Europe,,Europe,Europe,Europe,UK/Europe,Europe 2,Europe,Europe 2 & North Africa 2,Europe,Europe 1,,"BCN,",14
MAD,Alliance Hub,Spain - Madrid,Europe,Europe,Europe,Europe,Europe,,Europe,Europe,Europe,UK/Europe,Europe 2,Europe,Europe 2 & North Africa 2,Europe,Europe 1,,"MAD,",14
PMI,Medium,Spain - Palma De Mallorca,Europe,Europe,Europe,Europe,Europe,,Europe,Europe,Europe,,Europe 2,Europe,Europe 2 & North Africa 2,Europe,Europe 1,,"PMI,",13
CMB,Alliance Hub,Sri Lanka,Central Asia,Asia Region 2,Central Asia,South Asian Subcontinent,Rest of Asia,Southwest Asia,Asia 3,Asia 2,"Zone 6 - South Asia (India, Sri Lanka, Maldives & Bangladesh)",,Indian Subcontinent,India,Indian Sub-Continent,,Indian Subcontinent,,"CMB,",13
RAF,Very Low,St. Helena,,,South Africa,,Africa,,,"South, Latin America",,,,,,,,,"RAF,",3
SKB,Low,St. Kitts-Nevis,Caribbean,Caribbean,,Caribbean,Caribbean,,Central America,"South, Latin America","Hawaii, Central America","Caribbean, Mexico & Central America",,Central America & Caribbean,,Central America & Caribbean,Caribbean & Central America,,"SKB,",11
UVF,Low,St. Lucia,Caribbean,Caribbean,Caribbean,Caribbean,Caribbean,,Central America,"South, Latin America","Hawaii, Central America","Caribbean, Mexico & Central America","Central America, Caribbean, Hawaii, Bermuda",Central America & Caribbean,"Central America, Caribbean, Hawaii, Mexico",Central America & Caribbean,Caribbean & Central America,,"UVF,",14
SXM,Low,St. Maarten,Caribbean,Caribbean,Caribbean,Caribbean,Caribbean,,,,"Hawaii, Central America","Caribbean, Mexico & Central America","Central America, Caribbean, Hawaii, Bermuda",Central America & Caribbean,"Central America, Caribbean, Hawaii, Mexico",,,,"SXM,",10
SVD,Very Low,St. Vincent,,,,Caribbean,Other,,Central America,"South, Latin America",,,,,,,,,"SVD,",4
PZU,Very Low,Sudan,Central/Southern Africa,Africa,South Africa,Africa,Africa,,"Middle East, Africa","Africa, Middle East","Central, South Africa",,Africa 1,Middle East/Caucasus/North/Central Africa,Central & Southern Africa,North Africa,"East, West and South Africa",,"PZU,",13
PBM,Very Low,Suriname,Northern South America,,,Northern South America,South America,,Central America,"South, Latin America",,,"North America, Aruba, Bonaire, Curacao, Suriname",,South America 1,North South America,,,"PBM,",8
SHO,Very Low,Swaziland,Central/Southern Africa,Africa,South Africa,Africa,Africa,,"Middle East, Africa","Africa, Middle East",,,,Southern Africa,,,"East, West and South Africa",,"SHO,",9
ARN,Alliance Hub,Sweden,Europe,Europe,Europe,Europe,Europe,,Europe,Europe,Europe,UK/Europe,Europe 2,Europe,Europe 2 & North Africa 2,Europe,Europe 1,,"ARN,",14
GVA,Medium,Switzerland - Geneva,Europe,Europe,Europe,Europe,Europe,,Europe,Europe,Europe,,Europe 1,Europe,Europe 1 & North Africa 1,Europe,Europe 1,,"GVA,",13
ZRH,Alliance Hub,Switzerland - Zurich,Europe,Europe,Europe,Europe,Europe,,Europe,Europe,Europe,UK/Europe,Europe 1,Europe,Europe 1 & North Africa 1,Europe,Europe 1,,"ZRH,",14
DAM,Very Low,Syria,Middle East,Middle East / Indian Subcontinent,Middle East/North Africa,Middle East,Middle East,,Middle East,"Africa, Middle East","Middle East, North Africa",,"Middle East, Central Asia, Central Russia",Middle East/Caucasus/North/Central Africa,Europe 3 & Near East,Middle East,Middle East & North Africa,,"DAM,",13
TPE,Alliance Hub,Taiwan,North Asia,Asia Region 2,North Asia,Northern Asia,Taiwan,China/Northeast Asia,Asia 2,Asia 1,North Asia 1,"Africa, Middle East & Asia",Asia 2,Far East,Southeast Asia,Southeast Asia,Asia 1,,"TPE,",15
DYU,Very Low,Tajikistan,Central Asia,Middle East / Indian Subcontinent,Central Asia,Southeast Asia,Rest of Asia,,Asia 2,Asia 2,"Central, South Asia",,,Central Asia,,Southwest Asia,Middle East & North Africa,,"DYU,",11
DAR,Very Low,Tanzania,Central/Southern Africa,Africa,South Africa,Africa,Africa,,"Middle East, Africa","Africa, Middle East","Central, South Africa",,Africa 1,Middle East/Caucasus/North/Central Africa,Central & Southern Africa,Africa,"East, West and South Africa",,"DAR,",13
BKK,Alliance Hub,Thailand,South Asia,Asia Region 2,South Asia,Southeast Asia,Rest of Asia,Southeast Asia,Asia 2,Asia 2,"Zone 3 - Philippines, Thailand, Vietnam, Myanmar & Cambodia","Africa, Middle East & Asia",,South East Asia,Southeast Asia,Southeast Asia,Asia 1,,"BKK,",14
DIC,Very Low,Timor Leste,,,South Asia,Southeast Asia,Rest of Asia,,,Asia 2,,,,,,,,,"DIC,",4
LFW,Very Low,Togo,Central/Southern Africa,Africa,South Africa,Africa,Africa,,"Middle East, Africa","Africa, Middle East",,,Africa 1,Middle East/Caucasus/North/Central Africa,Central & Southern Africa,North Africa,"East, West and South Africa",,"LFW,",12
TBU,Very Low,Tonga,Oceania,South Pacific,Others,Southwest Pacific,Other,,Oceania,"Oceania, Micronesia",South West Pacific,,,Australia/New Zealand/Oceania,,,"Australia, New Zealand & South Pacific",,"TBU,",10
POS,Low,Trinidad & Tobago,Caribbean,Caribbean,,Caribbean,Caribbean,,Central America,"South, Latin America","Hawaii, Central America",,"Central America, Caribbean, Hawaii, Bermuda",Central America & Caribbean,South America 1,Central America & Caribbean,Caribbean & Central America,,"POS,",12
TUN,Low,Tunisia,Northern Africa,Africa,Middle East/North Africa,Europe,Africa,,Europe,Europe,"Middle East, North Africa",,Europe 3 + North Africa,Middle East/Caucasus/North/Central Africa,Europe 1 & North Africa 1,North Africa,Middle East & North Africa,,"TUN,",13
AYT,Medium,Turkey - Antalya,Europe,Europe,Europe,Europe,Europe,,Europe,Europe,"Middle East, North Africa",,Europe 3 + North Africa,Europe,Europe 3 & Near East,Middle East,Europe 2,,"AYT,",13
IST,Alliance Hub,Turkey - Istanbul - Ataturk,Europe,Europe,Europe,Europe,Europe,,Europe,Europe,"Middle East, North Africa",UK/Europe,Europe 3 + North Africa,Europe,Europe 3 & Near East,Middle East,Europe 2,,"IST,",14
SAW,Medium,Turkey - Istanbul - Sabitha Gocken,Europe,Europe,Europe,Europe,Europe,,Europe,Europe,"Middle East, North Africa",,Europe 3 + North Africa,Europe,Europe 3 & Near East,Middle East,Europe 2,,"SAW,",13
ASB,Very Low,Turkmenistan,Central Asia,Middle East / Indian Subcontinent,Central Asia,Southeast Asia,Rest of Asia,,Asia 2,Asia 2,"Central, South Asia",,,Central Asia,,Southwest Asia,Middle East & North Africa,,"ASB,",11
PLS,Low,Turks and Caicos,Caribbean,Caribbean,,Caribbean,Caribbean,,,"South, Latin America","Hawaii, Central America","Caribbean, Mexico & Central America","Central America, Caribbean, Hawaii, Bermuda",Central America & Caribbean,,Central America & Caribbean,Caribbean & Central America,,"PLS,",11
FUN,Very Low,Tuvalu,,,,Southwest Pacific,Other,,Oceania,"Oceania, Micronesia",,,,,,,,,"FUN,",4
STT,Low,U.S. Virgin Islands,Caribbean,Caribbean,,Caribbean,Caribbean,,North America,"South, Latin America","Hawaii, Central America","Caribbean, Mexico & Central America","North America, Aruba, Bonaire, Curacao, Suriname",Central America & Caribbean,"Central America, Caribbean, Hawaii, Mexico",Central America & Caribbean,Caribbean & Central America,,"STT,",13
EBB,Very Low,Uganda,Central/Southern Africa,Africa,South Africa,Africa,Africa,,"Middle East, Africa","Africa, Middle East","Central, South Africa",,Africa 1,Middle East/Caucasus/North/Central Africa,Central & Southern Africa,Africa,"East, West and South Africa",,"EBB,",13
IEV,Low,Ukraine,Europe,Europe,Europe,Europe,Europe,,Europe,Europe,Europe,,Europe 3 + North Africa,Europe,Europe 3 & Near East,Europe,Europe 2,,"IEV,",13
AUH,Alliance Hub,United Arab Emirates - Abu Dhabi,Middle East,Middle East / Indian Subcontinent,Middle East/North Africa,Middle East,Middle East,,Middle East,"Africa, Middle East","Middle East, North Africa",,"Middle East, Central Asia, Central Russia",Middle East/Caucasus/North/Central Africa,Middle East,Middle East,Middle East & North Africa,,"AUH,",13
DXB,Alliance Hub,United Arab Emirates - Dubai,Middle East,Middle East / Indian Subcontinent,Middle East/North Africa,Middle East,Middle East,,Middle East,"Africa, Middle East","Zone 10 - Africa, Middle East, Turkey","Africa, Middle East & Asia","Middle East, Central Asia, Central Russia",Middle East/Caucasus/North/Central Africa,Middle East,Middle East,Middle East & North Africa,,"DXB,",14
SHJ,Medium,United Arab Emirates - Sharjah,Middle East,Middle East / Indian Subcontinent,Middle East/North Africa,Middle East,Middle East,,Middle East,"Africa, Middle East","Middle East, North Africa",,"Middle East, Central Asia, Central Russia",Middle East/Caucasus/North/Central Africa,Middle East,Middle East,Middle East & North Africa,,"SHJ,",13
LON,Alliance Hub,United Kingdom - London,Europe,Europe,Europe,Europe,Europe,,Europe,Europe,Europe,UK/Europe,Europe 1,Europe,Europe 2 & North Africa 2,Europe,Europe 1,,"LON,",14
MAN,Medium,United Kingdom - Manchester,Europe,Europe,Europe,Europe,Europe,,Europe,Europe,Europe,UK/Europe,Europe 1,Europe,Europe 2 & North Africa 2,Europe,Europe 1,,"MAN,",14
JFK,Alliance Hub,United States - New York,"Mainland US, Alaska & Canada",Contiguous 48 States,North America,"Continental US, Alaska, Canada",Continental US & Canada,North America,North America,North America,North America,,"North America, Aruba, Bonaire, Curacao, Suriname",US Domestic,North America,US Continental,Canada & Continental US,,"JFK,",14
MVD,Low,Uruguay,Southern South America,South America Region 2,South of South America,Southern South America,South America,,South America,"South, Latin America",South America,,Latin America 2,South America,South America 2,South South America,Southern South America,,"MVD,",13
TAS,Very Low,Uzbekistan,Central Asia,Middle East / Indian Subcontinent,Central Asia,Middle East,Rest of Asia,Southwest Asia,Asia 2,Asia 2,"Central, South Asia",,"Middle East, Central Asia, Central Russia",Central Asia,Middle East,Southwest Asia,Middle East & North Africa,,"TAS,",14
VLI,Very Low,Vanuatu,Oceania,South Pacific,Others,Southwest Pacific,Other,,Oceania,"Oceania, Micronesia",South West Pacific,,,,,,"Australia, New Zealand & South Pacific",,"VLI,",9
CCS,Low,Venezuela,Northern South America,South America Region 1,,Northern South America,South America,,South America,"South, Latin America",South America,South America,Latin America 1 ,South America,South America 1,North South America,Northern South America,,"CCS,",13
HAN,Alliance Hub,Vietnam - Hanoi,South Asia,Asia Region 2,South Asia,Southeast Asia,Rest of Asia,Southeast Asia,Asia 2,Asia 2,"Zone 3 - Philippines, Thailand, Vietnam, Myanmar & Cambodia",,Asia 2,South East Asia,Southeast Asia,Southeast Asia,Asia 1,,"HAN,",14
SGN,Alliance Hub,Vietnam - Ho Chi Minh City,South Asia,Asia Region 2,South Asia,Southeast Asia,Rest of Asia,Southeast Asia,Asia 2,Asia 2,"Zone 3 - Philippines, Thailand, Vietnam, Myanmar & Cambodia",,Asia 2,South East Asia,Southeast Asia,Southeast Asia,Asia 1,,"SGN,",14
APW,Very Low,Western Samoa,Oceania,South Pacific,Others,Southwest Pacific,Other,,Oceania,"Oceania, Micronesia",South West Pacific,,,Australia/New Zealand/Oceania,,,"Australia, New Zealand & South Pacific",,"APW,",10
SAH,Very Low,Yemen,Middle East,,Middle East/North Africa,Middle East,Middle East,,Middle East,"Africa, Middle East","Middle East, North Africa",,,Middle East/Caucasus/North/Central Africa,,,Middle East & North Africa,,"SAH,",9
LUN,Very Low,Zambia,Central/Southern Africa,Africa,South Africa,Africa,Africa,,"Middle East, Africa","Africa, Middle East","Central, South Africa",,Africa 1,Southern Africa,Central & Southern Africa,Africa,"East, West and South Africa",,"LUN,",13
HRE,Very Low,Zimbabwe,Central/Southern Africa,Africa,South Africa,Africa,Africa,,"Middle East, Africa","Africa, Middle East","Central, South Africa",,Africa 2 (Southern + Indian Ocean),Southern Africa,Central & Southern Africa,Africa,"East, West and South Africa",,"HRE,",13